{"val_mae":0.3408442437648773,"val_loss":0.3853844702243805,"_wandb":{"runtime":535},"epoch":19,"_timestamp":1.7632867223068595e+09,"train_loss":0.20921410620212555,"trainer/global_step":19599,"_runtime":535.3461884,"_step":411}