{"trainer/global_step":19599,"val_mae":0.3314633071422577,"_wandb":{"runtime":567},"_runtime":567.3638623,"val_loss":0.2885713577270508,"epoch":19,"_timestamp":1.7632861839890165e+09,"train_loss":0.16072693467140198,"_step":411}