{"val_loss":0.296298086643219,"_wandb":{"runtime":568},"val_mae":0.28777796030044556,"_timestamp":1.7632906929249322e+09,"epoch":22,"trainer/global_step":21560,"_runtime":568.0332448,"_step":453,"test_loss":0.28876280784606934,"test_mae":0.3147566318511963,"train_loss":0.10302817076444626}