{"_step":617,"val_loss":0.2719584107398987,"trainer/global_step":29399,"train_loss":0.1681649535894394,"_wandb":{"runtime":1030},"val_mae":0.3007573187351227,"_runtime":1029.9906396,"epoch":29,"_timestamp":1.7632117414187264e+09}